{"cameraMode":{"drawMode":0,"name":"Shaded","section":"Shading Mode"},"sceneLighting":true,"audioPlay":false,"sceneViewState":{"showFog":true,"showMaterialUpdate":true,"showSkybox":true,"showFlares":true,"showImageEffects":true,"showParticleSystems":true},"in2DMode":false,"pivot":{"x":435.0761413574219,"y":198.9156036376953,"z":182.88868713378907},"rotation":{"x":0.03270379453897476,"y":0.003293529851362109,"z":-0.00010743067105067894,"w":0.9994626641273499},"size":699.3113403320313,"orthographic":false}